{
    "audioSettingsData": {
        "masterVolume": 0.44935813546180727,
        "sfxVolume": 0.4394574761390686,
        "musicVolume": 0.40315505862236025
    }
}