{
    "audioSettingsData": {
        "masterVolume": 0.5780667662620544,
        "sfxVolume": 0.485660582780838,
        "musicVolume": 0.40315505862236025
    }
}