{
    "audioSettingsData": {
        "masterVolume": 0.7734681367874146,
        "sfxVolume": 0.485660582780838,
        "musicVolume": 0.40315505862236025
    }
}